headline,label
'Anti-ICE' message on ammunition at Dallas shooting that killed two immigration detainees - BBC,0
Ukraine's Zelenskyy issues a stark warning about a global arms race and AI war - NPR,0
"DOJ nearing decision whether to charge former FBI Director James Comey with lying to Congress, sources say - CNN",0
Trump's UN speech no laughing matter as body language shows - DW,0
"Will the Trump administration's $100,000 H-1B fee help Americans get jobs? - CBS News",0
US Readies $20 Billion Rescue to Help Milei Win in Argentina - Bloomberg.com,1
A Federal Shutdown May Be Imminent. How Would It Affect the Economy? - The New York Times,1
Will Trump Sue ABC Over Jimmy Kimmel? Why Claims About ‘Illegal Contributions’ Are False - Forbes,0
Arizona Democrat’s Win Clinches Bid to Force Epstein Files Vote - The New York Times,1
Russia brushes off Trump's claim of 'paper tiger' fighting aimless war - BBC,0
Typhoon Ragasa Slams Into China After Deaths in Taiwan and the Philippines - The New York Times,1
Italian prime minister condemns drone attacks on Gaza aid flotilla boats - The Guardian,0
"Trump promises Arab, Muslim leaders he won’t let Israel annex the West Bank - Politico",0
China makes landmark pledge to cut its climate emissions - BBC,0
"Lithium Americas in Loan Talks With Trump Administration, General Motors - The Wall Street Journal",1
Xcel settles Marshall Fire lawsuit just before trial begins in Boulder - Colorado Public Radio,0
"Capital One $425 million settlement with depositors should be rejected, US states say - Yahoo Finance",0
"U.S. stocks falls as tech sector struggles, rate-cut uncertainties rattle markets (DJI:) - Seeking Alpha",1
"Google’s Android for PC: ‘I’ve seen it, it is incredible’ - The Verge",1
Why the new Windows 11 25H2 Start Menu is better - pcworld.com,1
"I've reviewed every iPhone 17 model, and my advice is something different this year - ZDNET",0
iOS 26.1 hints at iPhone adding support for third-party smartwatches - 9to5Mac,0
The Final ‘Wicked: For Good’ Trailer Teases the Catfight to End All Catfights - Gizmodo,1
"Jessica Chastain Says She’s ‘Not Aligned’ With Apple for Halting ‘The Savant’ After Charlie Kirk Murder: ‘While I Wish This Show Wasn’t So Relevant, Unfortunately It Is’ - Variety",0
"Dear AMC Stock Fans, Mark Your Calendars For October 3 - Barchart.com",0
"He May Be a ‘Slow Horse,’ but Christopher Chung Is in Peak Condition - The New York Times",0
"How to Watch, Listen to & Stream Vikings vs. Steelers in 2025 Week 4 Game - Minnesota Vikings",0
"NFL Fantasy 2025 Start 'Em, Sit 'Em: Running backs for Week 4 - NFL.com",0
Zion Williamson hasn’t ‘felt like this since college’ after body transformation - New York Post,1
"Ring of Famers Rod Smith, Tom Nalen lead group of 12 former Broncos among Modern-Era nominees for Pro Football Hall of Fame's Class of 2026 - Denver Broncos",0
A “cosmic carpool” is traveling to a distant space weather observation post - Ars Technica,0
Rare blue-and-green hybrid jay spotted in Texas is offspring of birds whose lineages split 7 million years ago - Live Science,1
NASA Confirms First Crewed Mission to Orbit The Moon in 50+ Years Set For 2026 - ScienceAlert,1
NASA’s new astronaut class includes SpaceX veterans Anna Menon and Yuri Kubo - TechCrunch,1
‘Nightmare bacteria’ cases are increasing in the U.S. - NBC News,0
Lenacapavir: Landmark deal paves way for cheaper HIV/ Aids protection jab - BBC,0
"The Trump administration is changing Covid, childhood vaccine recommendations – here’s what it means for you - CNBC",0
Biotech Stock Launches 240% On Possible Huntington's Cure - Investor's Business Daily,0
